[
  {
    "number": 0,
    "hex": "#000000",
    "rgb": {
      "r": 0,
      "g": 0,
      "b": 0
    },
    "hsl": {
      "h": 0,
      "s": 0,
      "l": 0
    },
    "name": "Black"
  },
  {
    "number": 1,
    "hex": "#800000",
    "rgb": {
      "r": 128,
      "g": 0,
      "b": 0
    },
    "hsl": {
      "h": 0,
      "s": 100,
      "l": 25
    },
    "name": "Maroon"
  },
  {
    "number": 2,
    "hex": "#008000",
    "rgb": {
      "r": 0,
      "g": 128,
      "b": 0
    },
    "hsl": {
      "h": 120,
      "s": 100,
      "l": 25
    },
    "name": "Green"
  },
  {
    "number": 3,
    "hex": "#808000",
    "rgb": {
      "r": 128,
      "g": 128,
      "b": 0
    },
    "hsl": {
      "h": 60,
      "s": 100,
      "l": 25
    },
    "name": "Olive"
  },
  {
    "number": 4,
    "hex": "#000080",
    "rgb": {
      "r": 0,
      "g": 0,
      "b": 128
    },
    "hsl": {
      "h": 240,
      "s": 100,
      "l": 25
    },
    "name": "Navy"
  },
  {
    "number": 5,
    "hex": "#800080",
    "rgb": {
      "r": 128,
      "g": 0,
      "b": 128
    },
    "hsl": {
      "h": 300,
      "s": 100,
      "l": 25
    },
    "name": "Purple"
  },
  {
    "number": 6,
    "hex": "#008080",
    "rgb": {
      "r": 0,
      "g": 128,
      "b": 128
    },
    "hsl": {
      "h": 180,
      "s": 100,
      "l": 25
    },
    "name": "Teal"
  },
  {
    "number": 7,
    "hex": "#c0c0c0",
    "rgb": {
      "r": 192,
      "g": 192,
      "b": 192
    },
    "hsl": {
      "h": 0,
      "s": 0,
      "l": 75
    },
    "name": "Silver"
  },
  {
    "number": 8,
    "hex": "#808080",
    "rgb": {
      "r": 128,
      "g": 128,
      "b": 128
    },
    "hsl": {
      "h": 0,
      "s": 0,
      "l": 50
    },
    "name": "Grey",
    "aliases": [ "Gray" ]
  },
  {
    "number": 9,
    "hex": "#ff0000",
    "rgb": {
      "r": 255,
      "g": 0,
      "b": 0
    },
    "hsl": {
      "h": 0,
      "s": 100,
      "l": 50
    },
    "name": "Red"
  },
  {
    "number": 10,
    "hex": "#00ff00",
    "rgb": {
      "r": 0,
      "g": 255,
      "b": 0
    },
    "hsl": {
      "h": 120,
      "s": 100,
      "l": 50
    },
    "name": "Lime"
  },
  {
    "number": 11,
    "hex": "#ffff00",
    "rgb": {
      "r": 255,
      "g": 255,
      "b": 0
    },
    "hsl": {
      "h": 60,
      "s": 100,
      "l": 50
    },
    "name": "Yellow"
  },
  {
    "number": 12,
    "hex": "#0000ff",
    "rgb": {
      "r": 0,
      "g": 0,
      "b": 255
    },
    "hsl": {
      "h": 240,
      "s": 100,
      "l": 50
    },
    "name": "Blue"
  },
  {
    "number": 13,
    "hex": "#ff00ff",
    "rgb": {
      "r": 255,
      "g": 0,
      "b": 255
    },
    "hsl": {
      "h": 300,
      "s": 100,
      "l": 50
    },
    "name": "Fuchsia",
    "aliases": [ "Magenta" ]
  },
  {
    "number": 14,
    "hex": "#00ffff",
    "rgb": {
      "r": 0,
      "g": 255,
      "b": 255
    },
    "hsl": {
      "h": 180,
      "s": 100,
      "l": 50
    },
    "name": "Aqua",
    "aliases": [ "Cyan" ]
  },
  {
    "number": 15,
    "hex": "#ffffff",
    "rgb": {
      "r": 255,
      "g": 255,
      "b": 255
    },
    "hsl": {
      "h": 0,
      "s": 0,
      "l": 100
    },
    "name": "White"
  },
  {
    "number": 16,
    "hex": "#000000",
    "rgb": {
      "r": 0,
      "g": 0,
      "b": 0
    },
    "hsl": {
      "h": 0,
      "s": 0,
      "l": 0
    },
    "name": "Grey0",
    "aliases": [ "Gray0" ]
  },
  {
    "number": 17,
    "hex": "#00005f",
    "rgb": {
      "r": 0,
      "g": 0,
      "b": 95
    },
    "hsl": {
      "h": 240,
      "s": 100,
      "l": 18
    },
    "name": "NavyBlue"
  },
  {
    "number": 18,
    "hex": "#000087",
    "rgb": {
      "r": 0,
      "g": 0,
      "b": 135
    },
    "hsl": {
      "h": 240,
      "s": 100,
      "l": 26
    },
    "name": "DarkBlue"
  },
  {
    "number": 19,
    "hex": "#0000af",
    "rgb": {
      "r": 0,
      "g": 0,
      "b": 175
    },
    "hsl": {
      "h": 240,
      "s": 100,
      "l": 34
    },
    "name": "Blue3"
  },
  {
    "number": 20,
    "hex": "#0000d7",
    "rgb": {
      "r": 0,
      "g": 0,
      "b": 215
    },
    "hsl": {
      "h": 240,
      "s": 100,
      "l": 42
    },
    "name": "Blue3"
  },
  {
    "number": 21,
    "hex": "#0000ff",
    "rgb": {
      "r": 0,
      "g": 0,
      "b": 255
    },
    "hsl": {
      "h": 240,
      "s": 100,
      "l": 50
    },
    "name": "Blue1"
  },
  {
    "number": 22,
    "hex": "#005f00",
    "rgb": {
      "r": 0,
      "g": 95,
      "b": 0
    },
    "hsl": {
      "h": 120,
      "s": 100,
      "l": 18
    },
    "name": "DarkGreen"
  },
  {
    "number": 23,
    "hex": "#005f5f",
    "rgb": {
      "r": 0,
      "g": 95,
      "b": 95
    },
    "hsl": {
      "h": 180,
      "s": 100,
      "l": 18
    },
    "name": "DeepSkyBlue4"
  },
  {
    "number": 24,
    "hex": "#005f87",
    "rgb": {
      "r": 0,
      "g": 95,
      "b": 135
    },
    "hsl": {
      "h": 197.777777777778,
      "s": 100,
      "l": 26
    },
    "name": "DeepSkyBlue4"
  },
  {
    "number": 25,
    "hex": "#005faf",
    "rgb": {
      "r": 0,
      "g": 95,
      "b": 175
    },
    "hsl": {
      "h": 207.428571428571,
      "s": 100,
      "l": 34
    },
    "name": "DeepSkyBlue4"
  },
  {
    "number": 26,
    "hex": "#005fd7",
    "rgb": {
      "r": 0,
      "g": 95,
      "b": 215
    },
    "hsl": {
      "h": 213.488372093023,
      "s": 100,
      "l": 42
    },
    "name": "DodgerBlue3"
  },
  {
    "number": 27,
    "hex": "#005fff",
    "rgb": {
      "r": 0,
      "g": 95,
      "b": 255
    },
    "hsl": {
      "h": 217.647058823529,
      "s": 100,
      "l": 50
    },
    "name": "DodgerBlue2"
  },
  {
    "number": 28,
    "hex": "#008700",
    "rgb": {
      "r": 0,
      "g": 135,
      "b": 0
    },
    "hsl": {
      "h": 120,
      "s": 100,
      "l": 26
    },
    "name": "Green4"
  },
  {
    "number": 29,
    "hex": "#00875f",
    "rgb": {
      "r": 0,
      "g": 135,
      "b": 95
    },
    "hsl": {
      "h": 162.222222222222,
      "s": 100,
      "l": 26
    },
    "name": "SpringGreen4"
  },
  {
    "number": 30,
    "hex": "#008787",
    "rgb": {
      "r": 0,
      "g": 135,
      "b": 135
    },
    "hsl": {
      "h": 180,
      "s": 100,
      "l": 26
    },
    "name": "Turquoise4"
  },
  {
    "number": 31,
    "hex": "#0087af",
    "rgb": {
      "r": 0,
      "g": 135,
      "b": 175
    },
    "hsl": {
      "h": 193.714285714286,
      "s": 100,
      "l": 34
    },
    "name": "DeepSkyBlue3"
  },
  {
    "number": 32,
    "hex": "#0087d7",
    "rgb": {
      "r": 0,
      "g": 135,
      "b": 215
    },
    "hsl": {
      "h": 202.325581395349,
      "s": 100,
      "l": 42
    },
    "name": "DeepSkyBlue3"
  },
  {
    "number": 33,
    "hex": "#0087ff",
    "rgb": {
      "r": 0,
      "g": 135,
      "b": 255
    },
    "hsl": {
      "h": 208.235294117647,
      "s": 100,
      "l": 50
    },
    "name": "DodgerBlue1"
  },
  {
    "number": 34,
    "hex": "#00af00",
    "rgb": {
      "r": 0,
      "g": 175,
      "b": 0
    },
    "hsl": {
      "h": 120,
      "s": 100,
      "l": 34
    },
    "name": "Green3"
  },
  {
    "number": 35,
    "hex": "#00af5f",
    "rgb": {
      "r": 0,
      "g": 175,
      "b": 95
    },
    "hsl": {
      "h": 152.571428571429,
      "s": 100,
      "l": 34
    },
    "name": "SpringGreen3"
  },
  {
    "number": 36,
    "hex": "#00af87",
    "rgb": {
      "r": 0,
      "g": 175,
      "b": 135
    },
    "hsl": {
      "h": 166.285714285714,
      "s": 100,
      "l": 34
    },
    "name": "DarkCyan"
  },
  {
    "number": 37,
    "hex": "#00afaf",
    "rgb": {
      "r": 0,
      "g": 175,
      "b": 175
    },
    "hsl": {
      "h": 180,
      "s": 100,
      "l": 34
    },
    "name": "LightSeaGreen"
  },
  {
    "number": 38,
    "hex": "#00afd7",
    "rgb": {
      "r": 0,
      "g": 175,
      "b": 215
    },
    "hsl": {
      "h": 191.162790697674,
      "s": 100,
      "l": 42
    },
    "name": "DeepSkyBlue2"
  },
  {
    "number": 39,
    "hex": "#00afff",
    "rgb": {
      "r": 0,
      "g": 175,
      "b": 255
    },
    "hsl": {
      "h": 198.823529411765,
      "s": 100,
      "l": 50
    },
    "name": "DeepSkyBlue1"
  },
  {
    "number": 40,
    "hex": "#00d700",
    "rgb": {
      "r": 0,
      "g": 215,
      "b": 0
    },
    "hsl": {
      "h": 120,
      "s": 100,
      "l": 42
    },
    "name": "Green3"
  },
  {
    "number": 41,
    "hex": "#00d75f",
    "rgb": {
      "r": 0,
      "g": 215,
      "b": 95
    },
    "hsl": {
      "h": 146.511627906977,
      "s": 100,
      "l": 42
    },
    "name": "SpringGreen3"
  },
  {
    "number": 42,
    "hex": "#00d787",
    "rgb": {
      "r": 0,
      "g": 215,
      "b": 135
    },
    "hsl": {
      "h": 157.674418604651,
      "s": 100,
      "l": 42
    },
    "name": "SpringGreen2"
  },
  {
    "number": 43,
    "hex": "#00d7af",
    "rgb": {
      "r": 0,
      "g": 215,
      "b": 175
    },
    "hsl": {
      "h": 168.837209302326,
      "s": 100,
      "l": 42
    },
    "name": "Cyan3"
  },
  {
    "number": 44,
    "hex": "#00d7d7",
    "rgb": {
      "r": 0,
      "g": 215,
      "b": 215
    },
    "hsl": {
      "h": 180,
      "s": 100,
      "l": 42
    },
    "name": "DarkTurquoise"
  },
  {
    "number": 45,
    "hex": "#00d7ff",
    "rgb": {
      "r": 0,
      "g": 215,
      "b": 255
    },
    "hsl": {
      "h": 189.411764705882,
      "s": 100,
      "l": 50
    },
    "name": "Turquoise2"
  },
  {
    "number": 46,
    "hex": "#00ff00",
    "rgb": {
      "r": 0,
      "g": 255,
      "b": 0
    },
    "hsl": {
      "h": 120,
      "s": 100,
      "l": 50
    },
    "name": "Green1"
  },
  {
    "number": 47,
    "hex": "#00ff5f",
    "rgb": {
      "r": 0,
      "g": 255,
      "b": 95
    },
    "hsl": {
      "h": 142.352941176471,
      "s": 100,
      "l": 50
    },
    "name": "SpringGreen2"
  },
  {
    "number": 48,
    "hex": "#00ff87",
    "rgb": {
      "r": 0,
      "g": 255,
      "b": 135
    },
    "hsl": {
      "h": 151.764705882353,
      "s": 100,
      "l": 50
    },
    "name": "SpringGreen1"
  },
  {
    "number": 49,
    "hex": "#00ffaf",
    "rgb": {
      "r": 0,
      "g": 255,
      "b": 175
    },
    "hsl": {
      "h": 161.176470588235,
      "s": 100,
      "l": 50
    },
    "name": "MediumSpringGreen"
  },
  {
    "number": 50,
    "hex": "#00ffd7",
    "rgb": {
      "r": 0,
      "g": 255,
      "b": 215
    },
    "hsl": {
      "h": 170.588235294118,
      "s": 100,
      "l": 50
    },
    "name": "Cyan2"
  },
  {
    "number": 51,
    "hex": "#00ffff",
    "rgb": {
      "r": 0,
      "g": 255,
      "b": 255
    },
    "hsl": {
      "h": 180,
      "s": 100,
      "l": 50
    },
    "name": "Cyan1"
  },
  {
    "number": 52,
    "hex": "#5f0000",
    "rgb": {
      "r": 95,
      "g": 0,
      "b": 0
    },
    "hsl": {
      "h": 0,
      "s": 100,
      "l": 18
    },
    "name": "DarkRed"
  },
  {
    "number": 53,
    "hex": "#5f005f",
    "rgb": {
      "r": 95,
      "g": 0,
      "b": 95
    },
    "hsl": {
      "h": 300,
      "s": 100,
      "l": 18
    },
    "name": "DeepPink4"
  },
  {
    "number": 54,
    "hex": "#5f0087",
    "rgb": {
      "r": 95,
      "g": 0,
      "b": 135
    },
    "hsl": {
      "h": 282.222222222222,
      "s": 100,
      "l": 26
    },
    "name": "Purple4"
  },
  {
    "number": 55,
    "hex": "#5f00af",
    "rgb": {
      "r": 95,
      "g": 0,
      "b": 175
    },
    "hsl": {
      "h": 272.571428571429,
      "s": 100,
      "l": 34
    },
    "name": "Purple4"
  },
  {
    "number": 56,
    "hex": "#5f00d7",
    "rgb": {
      "r": 95,
      "g": 0,
      "b": 215
    },
    "hsl": {
      "h": 266.511627906977,
      "s": 100,
      "l": 42
    },
    "name": "Purple3"
  },
  {
    "number": 57,
    "hex": "#5f00ff",
    "rgb": {
      "r": 95,
      "g": 0,
      "b": 255
    },
    "hsl": {
      "h": 262.352941176471,
      "s": 100,
      "l": 50
    },
    "name": "BlueViolet"
  },
  {
    "number": 58,
    "hex": "#5f5f00",
    "rgb": {
      "r": 95,
      "g": 95,
      "b": 0
    },
    "hsl": {
      "h": 60,
      "s": 100,
      "l": 18
    },
    "name": "Orange4"
  },
  {
    "number": 59,
    "hex": "#5f5f5f",
    "rgb": {
      "r": 95,
      "g": 95,
      "b": 95
    },
    "hsl": {
      "h": 0,
      "s": 0,
      "l": 37
    },
    "name": "Grey37",
    "aliases": [ "Gray37" ]
  },
  {
    "number": 60,
    "hex": "#5f5f87",
    "rgb": {
      "r": 95,
      "g": 95,
      "b": 135
    },
    "hsl": {
      "h": 240,
      "s": 17,
      "l": 45
    },
    "name": "MediumPurple4"
  },
  {
    "number": 61,
    "hex": "#5f5faf",
    "rgb": {
      "r": 95,
      "g": 95,
      "b": 175
    },
    "hsl": {
      "h": 240,
      "s": 33,
      "l": 52
    },
    "name": "SlateBlue3"
  },
  {
    "number": 62,
    "hex": "#5f5fd7",
    "rgb": {
      "r": 95,
      "g": 95,
      "b": 215
    },
    "hsl": {
      "h": 240,
      "s": 60,
      "l": 60
    },
    "name": "SlateBlue3"
  },
  {
    "number": 63,
    "hex": "#5f5fff",
    "rgb": {
      "r": 95,
      "g": 95,
      "b": 255
    },
    "hsl": {
      "h": 240,
      "s": 100,
      "l": 68
    },
    "name": "RoyalBlue1"
  },
  {
    "number": 64,
    "hex": "#5f8700",
    "rgb": {
      "r": 95,
      "g": 135,
      "b": 0
    },
    "hsl": {
      "h": 77.7777777777778,
      "s": 100,
      "l": 26
    },
    "name": "Chartreuse4"
  },
  {
    "number": 65,
    "hex": "#5f875f",
    "rgb": {
      "r": 95,
      "g": 135,
      "b": 95
    },
    "hsl": {
      "h": 120,
      "s": 17,
      "l": 45
    },
    "name": "DarkSeaGreen4"
  },
  {
    "number": 66,
    "hex": "#5f8787",
    "rgb": {
      "r": 95,
      "g": 135,
      "b": 135
    },
    "hsl": {
      "h": 180,
      "s": 17,
      "l": 45
    },
    "name": "PaleTurquoise4"
  },
  {
    "number": 67,
    "hex": "#5f87af",
    "rgb": {
      "r": 95,
      "g": 135,
      "b": 175
    },
    "hsl": {
      "h": 210,
      "s": 33,
      "l": 52
    },
    "name": "SteelBlue"
  },
  {
    "number": 68,
    "hex": "#5f87d7",
    "rgb": {
      "r": 95,
      "g": 135,
      "b": 215
    },
    "hsl": {
      "h": 220,
      "s": 60,
      "l": 60
    },
    "name": "SteelBlue3"
  },
  {
    "number": 69,
    "hex": "#5f87ff",
    "rgb": {
      "r": 95,
      "g": 135,
      "b": 255
    },
    "hsl": {
      "h": 225,
      "s": 100,
      "l": 68
    },
    "name": "CornflowerBlue"
  },
  {
    "number": 70,
    "hex": "#5faf00",
    "rgb": {
      "r": 95,
      "g": 175,
      "b": 0
    },
    "hsl": {
      "h": 87.4285714285714,
      "s": 100,
      "l": 34
    },
    "name": "Chartreuse3"
  },
  {
    "number": 71,
    "hex": "#5faf5f",
    "rgb": {
      "r": 95,
      "g": 175,
      "b": 95
    },
    "hsl": {
      "h": 120,
      "s": 33,
      "l": 52
    },
    "name": "DarkSeaGreen4"
  },
  {
    "number": 72,
    "hex": "#5faf87",
    "rgb": {
      "r": 95,
      "g": 175,
      "b": 135
    },
    "hsl": {
      "h": 150,
      "s": 33,
      "l": 52
    },
    "name": "CadetBlue"
  },
  {
    "number": 73,
    "hex": "#5fafaf",
    "rgb": {
      "r": 95,
      "g": 175,
      "b": 175
    },
    "hsl": {
      "h": 180,
      "s": 33,
      "l": 52
    },
    "name": "CadetBlue"
  },
  {
    "number": 74,
    "hex": "#5fafd7",
    "rgb": {
      "r": 95,
      "g": 175,
      "b": 215
    },
    "hsl": {
      "h": 200,
      "s": 60,
      "l": 60
    },
    "name": "SkyBlue3"
  },
  {
    "number": 75,
    "hex": "#5fafff",
    "rgb": {
      "r": 95,
      "g": 175,
      "b": 255
    },
    "hsl": {
      "h": 210,
      "s": 100,
      "l": 68
    },
    "name": "SteelBlue1"
  },
  {
    "number": 76,
    "hex": "#5fd700",
    "rgb": {
      "r": 95,
      "g": 215,
      "b": 0
    },
    "hsl": {
      "h": 93.4883720930233,
      "s": 100,
      "l": 42
    },
    "name": "Chartreuse3"
  },
  {
    "number": 77,
    "hex": "#5fd75f",
    "rgb": {
      "r": 95,
      "g": 215,
      "b": 95
    },
    "hsl": {
      "h": 120,
      "s": 60,
      "l": 60
    },
    "name": "PaleGreen3"
  },
  {
    "number": 78,
    "hex": "#5fd787",
    "rgb": {
      "r": 95,
      "g": 215,
      "b": 135
    },
    "hsl": {
      "h": 140,
      "s": 60,
      "l": 60
    },
    "name": "SeaGreen3"
  },
  {
    "number": 79,
    "hex": "#5fd7af",
    "rgb": {
      "r": 95,
      "g": 215,
      "b": 175
    },
    "hsl": {
      "h": 160,
      "s": 60,
      "l": 60
    },
    "name": "Aquamarine3"
  },
  {
    "number": 80,
    "hex": "#5fd7d7",
    "rgb": {
      "r": 95,
      "g": 215,
      "b": 215
    },
    "hsl": {
      "h": 180,
      "s": 60,
      "l": 60
    },
    "name": "MediumTurquoise"
  },
  {
    "number": 81,
    "hex": "#5fd7ff",
    "rgb": {
      "r": 95,
      "g": 215,
      "b": 255
    },
    "hsl": {
      "h": 195,
      "s": 100,
      "l": 68
    },
    "name": "SteelBlue1"
  },
  {
    "number": 82,
    "hex": "#5fff00",
    "rgb": {
      "r": 95,
      "g": 255,
      "b": 0
    },
    "hsl": {
      "h": 97.6470588235294,
      "s": 100,
      "l": 50
    },
    "name": "Chartreuse2"
  },
  {
    "number": 83,
    "hex": "#5fff5f",
    "rgb": {
      "r": 95,
      "g": 255,
      "b": 95
    },
    "hsl": {
      "h": 120,
      "s": 100,
      "l": 68
    },
    "name": "SeaGreen2"
  },
  {
    "number": 84,
    "hex": "#5fff87",
    "rgb": {
      "r": 95,
      "g": 255,
      "b": 135
    },
    "hsl": {
      "h": 135,
      "s": 100,
      "l": 68
    },
    "name": "SeaGreen1"
  },
  {
    "number": 85,
    "hex": "#5fffaf",
    "rgb": {
      "r": 95,
      "g": 255,
      "b": 175
    },
    "hsl": {
      "h": 150,
      "s": 100,
      "l": 68
    },
    "name": "SeaGreen1"
  },
  {
    "number": 86,
    "hex": "#5fffd7",
    "rgb": {
      "r": 95,
      "g": 255,
      "b": 215
    },
    "hsl": {
      "h": 165,
      "s": 100,
      "l": 68
    },
    "name": "Aquamarine1"
  },
  {
    "number": 87,
    "hex": "#5fffff",
    "rgb": {
      "r": 95,
      "g": 255,
      "b": 255
    },
    "hsl": {
      "h": 180,
      "s": 100,
      "l": 68
    },
    "name": "DarkSlateGray2"
  },
  {
    "number": 88,
    "hex": "#870000",
    "rgb": {
      "r": 135,
      "g": 0,
      "b": 0
    },
    "hsl": {
      "h": 0,
      "s": 100,
      "l": 26
    },
    "name": "DarkRed"
  },
  {
    "number": 89,
    "hex": "#87005f",
    "rgb": {
      "r": 135,
      "g": 0,
      "b": 95
    },
    "hsl": {
      "h": 317.777777777778,
      "s": 100,
      "l": 26
    },
    "name": "DeepPink4"
  },
  {
    "number": 90,
    "hex": "#870087",
    "rgb": {
      "r": 135,
      "g": 0,
      "b": 135
    },
    "hsl": {
      "h": 300,
      "s": 100,
      "l": 26
    },
    "name": "DarkMagenta"
  },
  {
    "number": 91,
    "hex": "#8700af",
    "rgb": {
      "r": 135,
      "g": 0,
      "b": 175
    },
    "hsl": {
      "h": 286.285714285714,
      "s": 100,
      "l": 34
    },
    "name": "DarkMagenta"
  },
  {
    "number": 92,
    "hex": "#8700d7",
    "rgb": {
      "r": 135,
      "g": 0,
      "b": 215
    },
    "hsl": {
      "h": 277.674418604651,
      "s": 100,
      "l": 42
    },
    "name": "DarkViolet"
  },
  {
    "number": 93,
    "hex": "#8700ff",
    "rgb": {
      "r": 135,
      "g": 0,
      "b": 255
    },
    "hsl": {
      "h": 271.764705882353,
      "s": 100,
      "l": 50
    },
    "name": "Purple"
  },
  {
    "number": 94,
    "hex": "#875f00",
    "rgb": {
      "r": 135,
      "g": 95,
      "b": 0
    },
    "hsl": {
      "h": 42.2222222222222,
      "s": 100,
      "l": 26
    },
    "name": "Orange4"
  },
  {
    "number": 95,
    "hex": "#875f5f",
    "rgb": {
      "r": 135,
      "g": 95,
      "b": 95
    },
    "hsl": {
      "h": 0,
      "s": 17,
      "l": 45
    },
    "name": "LightPink4"
  },
  {
    "number": 96,
    "hex": "#875f87",
    "rgb": {
      "r": 135,
      "g": 95,
      "b": 135
    },
    "hsl": {
      "h": 300,
      "s": 17,
      "l": 45
    },
    "name": "Plum4"
  },
  {
    "number": 97,
    "hex": "#875faf",
    "rgb": {
      "r": 135,
      "g": 95,
      "b": 175
    },
    "hsl": {
      "h": 270,
      "s": 33,
      "l": 52
    },
    "name": "MediumPurple3"
  },
  {
    "number": 98,
    "hex": "#875fd7",
    "rgb": {
      "r": 135,
      "g": 95,
      "b": 215
    },
    "hsl": {
      "h": 260,
      "s": 60,
      "l": 60
    },
    "name": "MediumPurple3"
  },
  {
    "number": 99,
    "hex": "#875fff",
    "rgb": {
      "r": 135,
      "g": 95,
      "b": 255
    },
    "hsl": {
      "h": 255,
      "s": 100,
      "l": 68
    },
    "name": "SlateBlue1"
  },
  {
    "number": 100,
    "hex": "#878700",
    "rgb": {
      "r": 135,
      "g": 135,
      "b": 0
    },
    "hsl": {
      "h": 60,
      "s": 100,
      "l": 26
    },
    "name": "Yellow4"
  },
  {
    "number": 101,
    "hex": "#87875f",
    "rgb": {
      "r": 135,
      "g": 135,
      "b": 95
    },
    "hsl": {
      "h": 60,
      "s": 17,
      "l": 45
    },
    "name": "Wheat4"
  },
  {
    "number": 102,
    "hex": "#878787",
    "rgb": {
      "r": 135,
      "g": 135,
      "b": 135
    },
    "hsl": {
      "h": 0,
      "s": 0,
      "l": 52
    },
    "name": "Grey53",
    "aliases": [ "Gray53" ]
  },
  {
    "number": 103,
    "hex": "#8787af",
    "rgb": {
      "r": 135,
      "g": 135,
      "b": 175
    },
    "hsl": {
      "h": 240,
      "s": 20,
      "l": 60
    },
    "name": "LightSlateGrey"
  },
  {
    "number": 104,
    "hex": "#8787d7",
    "rgb": {
      "r": 135,
      "g": 135,
      "b": 215
    },
    "hsl": {
      "h": 240,
      "s": 50,
      "l": 68
    },
    "name": "MediumPurple"
  },
  {
    "number": 105,
    "hex": "#8787ff",
    "rgb": {
      "r": 135,
      "g": 135,
      "b": 255
    },
    "hsl": {
      "h": 240,
      "s": 100,
      "l": 76
    },
    "name": "LightSlateBlue"
  },
  {
    "number": 106,
    "hex": "#87af00",
    "rgb": {
      "r": 135,
      "g": 175,
      "b": 0
    },
    "hsl": {
      "h": 73.7142857142857,
      "s": 100,
      "l": 34
    },
    "name": "Yellow4"
  },
  {
    "number": 107,
    "hex": "#87af5f",
    "rgb": {
      "r": 135,
      "g": 175,
      "b": 95
    },
    "hsl": {
      "h": 90,
      "s": 33,
      "l": 52
    },
    "name": "DarkOliveGreen3"
  },
  {
    "number": 108,
    "hex": "#87af87",
    "rgb": {
      "r": 135,
      "g": 175,
      "b": 135
    },
    "hsl": {
      "h": 120,
      "s": 20,
      "l": 60
    },
    "name": "DarkSeaGreen"
  },
  {
    "number": 109,
    "hex": "#87afaf",
    "rgb": {
      "r": 135,
      "g": 175,
      "b": 175
    },
    "hsl": {
      "h": 180,
      "s": 20,
      "l": 60
    },
    "name": "LightSkyBlue3"
  },
  {
    "number": 110,
    "hex": "#87afd7",
    "rgb": {
      "r": 135,
      "g": 175,
      "b": 215
    },
    "hsl": {
      "h": 210,
      "s": 50,
      "l": 68
    },
    "name": "LightSkyBlue3"
  },
  {
    "number": 111,
    "hex": "#87afff",
    "rgb": {
      "r": 135,
      "g": 175,
      "b": 255
    },
    "hsl": {
      "h": 220,
      "s": 100,
      "l": 76
    },
    "name": "SkyBlue2"
  },
  {
    "number": 112,
    "hex": "#87d700",
    "rgb": {
      "r": 135,
      "g": 215,
      "b": 0
    },
    "hsl": {
      "h": 82.3255813953488,
      "s": 100,
      "l": 42
    },
    "name": "Chartreuse2"
  },
  {
    "number": 113,
    "hex": "#87d75f",
    "rgb": {
      "r": 135,
      "g": 215,
      "b": 95
    },
    "hsl": {
      "h": 100,
      "s": 60,
      "l": 60
    },
    "name": "DarkOliveGreen3"
  },
  {
    "number": 114,
    "hex": "#87d787",
    "rgb": {
      "r": 135,
      "g": 215,
      "b": 135
    },
    "hsl": {
      "h": 120,
      "s": 50,
      "l": 68
    },
    "name": "PaleGreen3"
  },
  {
    "number": 115,
    "hex": "#87d7af",
    "rgb": {
      "r": 135,
      "g": 215,
      "b": 175
    },
    "hsl": {
      "h": 150,
      "s": 50,
      "l": 68
    },
    "name": "DarkSeaGreen3"
  },
  {
    "number": 116,
    "hex": "#87d7d7",
    "rgb": {
      "r": 135,
      "g": 215,
      "b": 215
    },
    "hsl": {
      "h": 180,
      "s": 50,
      "l": 68
    },
    "name": "DarkSlateGray3"
  },
  {
    "number": 117,
    "hex": "#87d7ff",
    "rgb": {
      "r": 135,
      "g": 215,
      "b": 255
    },
    "hsl": {
      "h": 200,
      "s": 100,
      "l": 76
    },
    "name": "SkyBlue1"
  },
  {
    "number": 118,
    "hex": "#87ff00",
    "rgb": {
      "r": 135,
      "g": 255,
      "b": 0
    },
    "hsl": {
      "h": 88.2352941176471,
      "s": 100,
      "l": 50
    },
    "name": "Chartreuse1"
  },
  {
    "number": 119,
    "hex": "#87ff5f",
    "rgb": {
      "r": 135,
      "g": 255,
      "b": 95
    },
    "hsl": {
      "h": 105,
      "s": 100,
      "l": 68
    },
    "name": "LightGreen"
  },
  {
    "number": 120,
    "hex": "#87ff87",
    "rgb": {
      "r": 135,
      "g": 255,
      "b": 135
    },
    "hsl": {
      "h": 120,
      "s": 100,
      "l": 76
    },
    "name": "LightGreen"
  },
  {
    "number": 121,
    "hex": "#87ffaf",
    "rgb": {
      "r": 135,
      "g": 255,
      "b": 175
    },
    "hsl": {
      "h": 140,
      "s": 100,
      "l": 76
    },
    "name": "PaleGreen1"
  },
  {
    "number": 122,
    "hex": "#87ffd7",
    "rgb": {
      "r": 135,
      "g": 255,
      "b": 215
    },
    "hsl": {
      "h": 160,
      "s": 100,
      "l": 76
    },
    "name": "Aquamarine1"
  },
  {
    "number": 123,
    "hex": "#87ffff",
    "rgb": {
      "r": 135,
      "g": 255,
      "b": 255
    },
    "hsl": {
      "h": 180,
      "s": 100,
      "l": 76
    },
    "name": "DarkSlateGray1"
  },
  {
    "number": 124,
    "hex": "#af0000",
    "rgb": {
      "r": 175,
      "g": 0,
      "b": 0
    },
    "hsl": {
      "h": 0,
      "s": 100,
      "l": 34
    },
    "name": "Red3"
  },
  {
    "number": 125,
    "hex": "#af005f",
    "rgb": {
      "r": 175,
      "g": 0,
      "b": 95
    },
    "hsl": {
      "h": 327.428571428571,
      "s": 100,
      "l": 34
    },
    "name": "DeepPink4"
  },
  {
    "number": 126,
    "hex": "#af0087",
    "rgb": {
      "r": 175,
      "g": 0,
      "b": 135
    },
    "hsl": {
      "h": 313.714285714286,
      "s": 100,
      "l": 34
    },
    "name": "MediumVioletRed"
  },
  {
    "number": 127,
    "hex": "#af00af",
    "rgb": {
      "r": 175,
      "g": 0,
      "b": 175
    },
    "hsl": {
      "h": 300,
      "s": 100,
      "l": 34
    },
    "name": "Magenta3"
  },
  {
    "number": 128,
    "hex": "#af00d7",
    "rgb": {
      "r": 175,
      "g": 0,
      "b": 215
    },
    "hsl": {
      "h": 288.837209302326,
      "s": 100,
      "l": 42
    },
    "name": "DarkViolet"
  },
  {
    "number": 129,
    "hex": "#af00ff",
    "rgb": {
      "r": 175,
      "g": 0,
      "b": 255
    },
    "hsl": {
      "h": 281.176470588235,
      "s": 100,
      "l": 50
    },
    "name": "Purple"
  },
  {
    "number": 130,
    "hex": "#af5f00",
    "rgb": {
      "r": 175,
      "g": 95,
      "b": 0
    },
    "hsl": {
      "h": 32.5714285714286,
      "s": 100,
      "l": 34
    },
    "name": "DarkOrange3"
  },
  {
    "number": 131,
    "hex": "#af5f5f",
    "rgb": {
      "r": 175,
      "g": 95,
      "b": 95
    },
    "hsl": {
      "h": 0,
      "s": 33,
      "l": 52
    },
    "name": "IndianRed"
  },
  {
    "number": 132,
    "hex": "#af5f87",
    "rgb": {
      "r": 175,
      "g": 95,
      "b": 135
    },
    "hsl": {
      "h": 330,
      "s": 33,
      "l": 52
    },
    "name": "HotPink3"
  },
  {
    "number": 133,
    "hex": "#af5faf",
    "rgb": {
      "r": 175,
      "g": 95,
      "b": 175
    },
    "hsl": {
      "h": 300,
      "s": 33,
      "l": 52
    },
    "name": "MediumOrchid3"
  },
  {
    "number": 134,
    "hex": "#af5fd7",
    "rgb": {
      "r": 175,
      "g": 95,
      "b": 215
    },
    "hsl": {
      "h": 280,
      "s": 60,
      "l": 60
    },
    "name": "MediumOrchid"
  },
  {
    "number": 135,
    "hex": "#af5fff",
    "rgb": {
      "r": 175,
      "g": 95,
      "b": 255
    },
    "hsl": {
      "h": 270,
      "s": 100,
      "l": 68
    },
    "name": "MediumPurple2"
  },
  {
    "number": 136,
    "hex": "#af8700",
    "rgb": {
      "r": 175,
      "g": 135,
      "b": 0
    },
    "hsl": {
      "h": 46.2857142857143,
      "s": 100,
      "l": 34
    },
    "name": "DarkGoldenrod"
  },
  {
    "number": 137,
    "hex": "#af875f",
    "rgb": {
      "r": 175,
      "g": 135,
      "b": 95
    },
    "hsl": {
      "h": 30,
      "s": 33,
      "l": 52
    },
    "name": "LightSalmon3"
  },
  {
    "number": 138,
    "hex": "#af8787",
    "rgb": {
      "r": 175,
      "g": 135,
      "b": 135
    },
    "hsl": {
      "h": 0,
      "s": 20,
      "l": 60
    },
    "name": "RosyBrown"
  },
  {
    "number": 139,
    "hex": "#af87af",
    "rgb": {
      "r": 175,
      "g": 135,
      "b": 175
    },
    "hsl": {
      "h": 300,
      "s": 20,
      "l": 60
    },
    "name": "Grey63",
    "aliases": [ "Gray63" ]
  },
  {
    "number": 140,
    "hex": "#af87d7",
    "rgb": {
      "r": 175,
      "g": 135,
      "b": 215
    },
    "hsl": {
      "h": 270,
      "s": 50,
      "l": 68
    },
    "name": "MediumPurple2"
  },
  {
    "number": 141,
    "hex": "#af87ff",
    "rgb": {
      "r": 175,
      "g": 135,
      "b": 255
    },
    "hsl": {
      "h": 260,
      "s": 100,
      "l": 76
    },
    "name": "MediumPurple1"
  },
  {
    "number": 142,
    "hex": "#afaf00",
    "rgb": {
      "r": 175,
      "g": 175,
      "b": 0
    },
    "hsl": {
      "h": 60,
      "s": 100,
      "l": 34
    },
    "name": "Gold3"
  },
  {
    "number": 143,
    "hex": "#afaf5f",
    "rgb": {
      "r": 175,
      "g": 175,
      "b": 95
    },
    "hsl": {
      "h": 60,
      "s": 33,
      "l": 52
    },
    "name": "DarkKhaki"
  },
  {
    "number": 144,
    "hex": "#afaf87",
    "rgb": {
      "r": 175,
      "g": 175,
      "b": 135
    },
    "hsl": {
      "h": 60,
      "s": 20,
      "l": 60
    },
    "name": "NavajoWhite3"
  },
  {
    "number": 145,
    "hex": "#afafaf",
    "rgb": {
      "r": 175,
      "g": 175,
      "b": 175
    },
    "hsl": {
      "h": 0,
      "s": 0,
      "l": 68
    },
    "name": "Grey69",
    "aliases": [ "Gray69" ]
  },
  {
    "number": 146,
    "hex": "#afafd7",
    "rgb": {
      "r": 175,
      "g": 175,
      "b": 215
    },
    "hsl": {
      "h": 240,
      "s": 33,
      "l": 76
    },
    "name": "LightSteelBlue3"
  },
  {
    "number": 147,
    "hex": "#afafff",
    "rgb": {
      "r": 175,
      "g": 175,
      "b": 255
    },
    "hsl": {
      "h": 240,
      "s": 100,
      "l": 84
    },
    "name": "LightSteelBlue"
  },
  {
    "number": 148,
    "hex": "#afd700",
    "rgb": {
      "r": 175,
      "g": 215,
      "b": 0
    },
    "hsl": {
      "h": 71.1627906976744,
      "s": 100,
      "l": 42
    },
    "name": "Yellow3"
  },
  {
    "number": 149,
    "hex": "#afd75f",
    "rgb": {
      "r": 175,
      "g": 215,
      "b": 95
    },
    "hsl": {
      "h": 80,
      "s": 60,
      "l": 60
    },
    "name": "DarkOliveGreen3"
  },
  {
    "number": 150,
    "hex": "#afd787",
    "rgb": {
      "r": 175,
      "g": 215,
      "b": 135
    },
    "hsl": {
      "h": 90,
      "s": 50,
      "l": 68
    },
    "name": "DarkSeaGreen3"
  },
  {
    "number": 151,
    "hex": "#afd7af",
    "rgb": {
      "r": 175,
      "g": 215,
      "b": 175
    },
    "hsl": {
      "h": 120,
      "s": 33,
      "l": 76
    },
    "name": "DarkSeaGreen2"
  },
  {
    "number": 152,
    "hex": "#afd7d7",
    "rgb": {
      "r": 175,
      "g": 215,
      "b": 215
    },
    "hsl": {
      "h": 180,
      "s": 33,
      "l": 76
    },
    "name": "LightCyan3"
  },
  {
    "number": 153,
    "hex": "#afd7ff",
    "rgb": {
      "r": 175,
      "g": 215,
      "b": 255
    },
    "hsl": {
      "h": 210,
      "s": 100,
      "l": 84
    },
    "name": "LightSkyBlue1"
  },
  {
    "number": 154,
    "hex": "#afff00",
    "rgb": {
      "r": 175,
      "g": 255,
      "b": 0
    },
    "hsl": {
      "h": 78.8235294117647,
      "s": 100,
      "l": 50
    },
    "name": "GreenYellow"
  },
  {
    "number": 155,
    "hex": "#afff5f",
    "rgb": {
      "r": 175,
      "g": 255,
      "b": 95
    },
    "hsl": {
      "h": 90,
      "s": 100,
      "l": 68
    },
    "name": "DarkOliveGreen2"
  },
  {
    "number": 156,
    "hex": "#afff87",
    "rgb": {
      "r": 175,
      "g": 255,
      "b": 135
    },
    "hsl": {
      "h": 100,
      "s": 100,
      "l": 76
    },
    "name": "PaleGreen1"
  },
  {
    "number": 157,
    "hex": "#afffaf",
    "rgb": {
      "r": 175,
      "g": 255,
      "b": 175
    },
    "hsl": {
      "h": 120,
      "s": 100,
      "l": 84
    },
    "name": "DarkSeaGreen2"
  },
  {
    "number": 158,
    "hex": "#afffd7",
    "rgb": {
      "r": 175,
      "g": 255,
      "b": 215
    },
    "hsl": {
      "h": 150,
      "s": 100,
      "l": 84
    },
    "name": "DarkSeaGreen1"
  },
  {
    "number": 159,
    "hex": "#afffff",
    "rgb": {
      "r": 175,
      "g": 255,
      "b": 255
    },
    "hsl": {
      "h": 180,
      "s": 100,
      "l": 84
    },
    "name": "PaleTurquoise1"
  },
  {
    "number": 160,
    "hex": "#d70000",
    "rgb": {
      "r": 215,
      "g": 0,
      "b": 0
    },
    "hsl": {
      "h": 0,
      "s": 100,
      "l": 42
    },
    "name": "Red3"
  },
  {
    "number": 161,
    "hex": "#d7005f",
    "rgb": {
      "r": 215,
      "g": 0,
      "b": 95
    },
    "hsl": {
      "h": 333.488372093023,
      "s": 100,
      "l": 42
    },
    "name": "DeepPink3"
  },
  {
    "number": 162,
    "hex": "#d70087",
    "rgb": {
      "r": 215,
      "g": 0,
      "b": 135
    },
    "hsl": {
      "h": 322.325581395349,
      "s": 100,
      "l": 42
    },
    "name": "DeepPink3"
  },
  {
    "number": 163,
    "hex": "#d700af",
    "rgb": {
      "r": 215,
      "g": 0,
      "b": 175
    },
    "hsl": {
      "h": 311.162790697674,
      "s": 100,
      "l": 42
    },
    "name": "Magenta3"
  },
  {
    "number": 164,
    "hex": "#d700d7",
    "rgb": {
      "r": 215,
      "g": 0,
      "b": 215
    },
    "hsl": {
      "h": 300,
      "s": 100,
      "l": 42
    },
    "name": "Magenta3"
  },
  {
    "number": 165,
    "hex": "#d700ff",
    "rgb": {
      "r": 215,
      "g": 0,
      "b": 255
    },
    "hsl": {
      "h": 290.588235294118,
      "s": 100,
      "l": 50
    },
    "name": "Magenta2"
  },
  {
    "number": 166,
    "hex": "#d75f00",
    "rgb": {
      "r": 215,
      "g": 95,
      "b": 0
    },
    "hsl": {
      "h": 26.5116279069767,
      "s": 100,
      "l": 42
    },
    "name": "DarkOrange3"
  },
  {
    "number": 167,
    "hex": "#d75f5f",
    "rgb": {
      "r": 215,
      "g": 95,
      "b": 95
    },
    "hsl": {
      "h": 0,
      "s": 60,
      "l": 60
    },
    "name": "IndianRed"
  },
  {
    "number": 168,
    "hex": "#d75f87",
    "rgb": {
      "r": 215,
      "g": 95,
      "b": 135
    },
    "hsl": {
      "h": 340,
      "s": 60,
      "l": 60
    },
    "name": "HotPink3"
  },
  {
    "number": 169,
    "hex": "#d75faf",
    "rgb": {
      "r": 215,
      "g": 95,
      "b": 175
    },
    "hsl": {
      "h": 320,
      "s": 60,
      "l": 60
    },
    "name": "HotPink2"
  },
  {
    "number": 170,
    "hex": "#d75fd7",
    "rgb": {
      "r": 215,
      "g": 95,
      "b": 215
    },
    "hsl": {
      "h": 300,
      "s": 60,
      "l": 60
    },
    "name": "Orchid"
  },
  {
    "number": 171,
    "hex": "#d75fff",
    "rgb": {
      "r": 215,
      "g": 95,
      "b": 255
    },
    "hsl": {
      "h": 285,
      "s": 100,
      "l": 68
    },
    "name": "MediumOrchid1"
  },
  {
    "number": 172,
    "hex": "#d78700",
    "rgb": {
      "r": 215,
      "g": 135,
      "b": 0
    },
    "hsl": {
      "h": 37.6744186046512,
      "s": 100,
      "l": 42
    },
    "name": "Orange3"
  },
  {
    "number": 173,
    "hex": "#d7875f",
    "rgb": {
      "r": 215,
      "g": 135,
      "b": 95
    },
    "hsl": {
      "h": 20,
      "s": 60,
      "l": 60
    },
    "name": "LightSalmon3"
  },
  {
    "number": 174,
    "hex": "#d78787",
    "rgb": {
      "r": 215,
      "g": 135,
      "b": 135
    },
    "hsl": {
      "h": 0,
      "s": 50,
      "l": 68
    },
    "name": "LightPink3"
  },
  {
    "number": 175,
    "hex": "#d787af",
    "rgb": {
      "r": 215,
      "g": 135,
      "b": 175
    },
    "hsl": {
      "h": 330,
      "s": 50,
      "l": 68
    },
    "name": "Pink3"
  },
  {
    "number": 176,
    "hex": "#d787d7",
    "rgb": {
      "r": 215,
      "g": 135,
      "b": 215
    },
    "hsl": {
      "h": 300,
      "s": 50,
      "l": 68
    },
    "name": "Plum3"
  },
  {
    "number": 177,
    "hex": "#d787ff",
    "rgb": {
      "r": 215,
      "g": 135,
      "b": 255
    },
    "hsl": {
      "h": 280,
      "s": 100,
      "l": 76
    },
    "name": "Violet"
  },
  {
    "number": 178,
    "hex": "#d7af00",
    "rgb": {
      "r": 215,
      "g": 175,
      "b": 0
    },
    "hsl": {
      "h": 48.8372093023256,
      "s": 100,
      "l": 42
    },
    "name": "Gold3"
  },
  {
    "number": 179,
    "hex": "#d7af5f",
    "rgb": {
      "r": 215,
      "g": 175,
      "b": 95
    },
    "hsl": {
      "h": 40,
      "s": 60,
      "l": 60
    },
    "name": "LightGoldenrod3"
  },
  {
    "number": 180,
    "hex": "#d7af87",
    "rgb": {
      "r": 215,
      "g": 175,
      "b": 135
    },
    "hsl": {
      "h": 30,
      "s": 50,
      "l": 68
    },
    "name": "Tan"
  },
  {
    "number": 181,
    "hex": "#d7afaf",
    "rgb": {
      "r": 215,
      "g": 175,
      "b": 175
    },
    "hsl": {
      "h": 0,
      "s": 33,
      "l": 76
    },
    "name": "MistyRose3"
  },
  {
    "number": 182,
    "hex": "#d7afd7",
    "rgb": {
      "r": 215,
      "g": 175,
      "b": 215
    },
    "hsl": {
      "h": 300,
      "s": 33,
      "l": 76
    },
    "name": "Thistle3"
  },
  {
    "number": 183,
    "hex": "#d7afff",
    "rgb": {
      "r": 215,
      "g": 175,
      "b": 255
    },
    "hsl": {
      "h": 270,
      "s": 100,
      "l": 84
    },
    "name": "Plum2"
  },
  {
    "number": 184,
    "hex": "#d7d700",
    "rgb": {
      "r": 215,
      "g": 215,
      "b": 0
    },
    "hsl": {
      "h": 60,
      "s": 100,
      "l": 42
    },
    "name": "Yellow3"
  },
  {
    "number": 185,
    "hex": "#d7d75f",
    "rgb": {
      "r": 215,
      "g": 215,
      "b": 95
    },
    "hsl": {
      "h": 60,
      "s": 60,
      "l": 60
    },
    "name": "Khaki3"
  },
  {
    "number": 186,
    "hex": "#d7d787",
    "rgb": {
      "r": 215,
      "g": 215,
      "b": 135
    },
    "hsl": {
      "h": 60,
      "s": 50,
      "l": 68
    },
    "name": "LightGoldenrod2"
  },
  {
    "number": 187,
    "hex": "#d7d7af",
    "rgb": {
      "r": 215,
      "g": 215,
      "b": 175
    },
    "hsl": {
      "h": 60,
      "s": 33,
      "l": 76
    },
    "name": "LightYellow3"
  },
  {
    "number": 188,
    "hex": "#d7d7d7",
    "rgb": {
      "r": 215,
      "g": 215,
      "b": 215
    },
    "hsl": {
      "h": 0,
      "s": 0,
      "l": 84
    },
    "name": "Grey84",
    "aliases": [ "Gray84" ]
  },
  {
    "number": 189,
    "hex": "#d7d7ff",
    "rgb": {
      "r": 215,
      "g": 215,
      "b": 255
    },
    "hsl": {
      "h": 240,
      "s": 100,
      "l": 92
    },
    "name": "LightSteelBlue1"
  },
  {
    "number": 190,
    "hex": "#d7ff00",
    "rgb": {
      "r": 215,
      "g": 255,
      "b": 0
    },
    "hsl": {
      "h": 69.4117647058823,
      "s": 100,
      "l": 50
    },
    "name": "Yellow2"
  },
  {
    "number": 191,
    "hex": "#d7ff5f",
    "rgb": {
      "r": 215,
      "g": 255,
      "b": 95
    },
    "hsl": {
      "h": 75,
      "s": 100,
      "l": 68
    },
    "name": "DarkOliveGreen1"
  },
  {
    "number": 192,
    "hex": "#d7ff87",
    "rgb": {
      "r": 215,
      "g": 255,
      "b": 135
    },
    "hsl": {
      "h": 80,
      "s": 100,
      "l": 76
    },
    "name": "DarkOliveGreen1"
  },
  {
    "number": 193,
    "hex": "#d7ffaf",
    "rgb": {
      "r": 215,
      "g": 255,
      "b": 175
    },
    "hsl": {
      "h": 90,
      "s": 100,
      "l": 84
    },
    "name": "DarkSeaGreen1"
  },
  {
    "number": 194,
    "hex": "#d7ffd7",
    "rgb": {
      "r": 215,
      "g": 255,
      "b": 215
    },
    "hsl": {
      "h": 120,
      "s": 100,
      "l": 92
    },
    "name": "Honeydew2"
  },
  {
    "number": 195,
    "hex": "#d7ffff",
    "rgb": {
      "r": 215,
      "g": 255,
      "b": 255
    },
    "hsl": {
      "h": 180,
      "s": 100,
      "l": 92
    },
    "name": "LightCyan1"
  },
  {
    "number": 196,
    "hex": "#ff0000",
    "rgb": {
      "r": 255,
      "g": 0,
      "b": 0
    },
    "hsl": {
      "h": 0,
      "s": 100,
      "l": 50
    },
    "name": "Red1"
  },
  {
    "number": 197,
    "hex": "#ff005f",
    "rgb": {
      "r": 255,
      "g": 0,
      "b": 95
    },
    "hsl": {
      "h": 337.647058823529,
      "s": 100,
      "l": 50
    },
    "name": "DeepPink2"
  },
  {
    "number": 198,
    "hex": "#ff0087",
    "rgb": {
      "r": 255,
      "g": 0,
      "b": 135
    },
    "hsl": {
      "h": 328.235294117647,
      "s": 100,
      "l": 50
    },
    "name": "DeepPink1"
  },
  {
    "number": 199,
    "hex": "#ff00af",
    "rgb": {
      "r": 255,
      "g": 0,
      "b": 175
    },
    "hsl": {
      "h": 318.823529411765,
      "s": 100,
      "l": 50
    },
    "name": "DeepPink1"
  },
  {
    "number": 200,
    "hex": "#ff00d7",
    "rgb": {
      "r": 255,
      "g": 0,
      "b": 215
    },
    "hsl": {
      "h": 309.411764705882,
      "s": 100,
      "l": 50
    },
    "name": "Magenta2"
  },
  {
    "number": 201,
    "hex": "#ff00ff",
    "rgb": {
      "r": 255,
      "g": 0,
      "b": 255
    },
    "hsl": {
      "h": 300,
      "s": 100,
      "l": 50
    },
    "name": "Magenta1"
  },
  {
    "number": 202,
    "hex": "#ff5f00",
    "rgb": {
      "r": 255,
      "g": 95,
      "b": 0
    },
    "hsl": {
      "h": 22.3529411764706,
      "s": 100,
      "l": 50
    },
    "name": "OrangeRed1"
  },
  {
    "number": 203,
    "hex": "#ff5f5f",
    "rgb": {
      "r": 255,
      "g": 95,
      "b": 95
    },
    "hsl": {
      "h": 0,
      "s": 100,
      "l": 68
    },
    "name": "IndianRed1"
  },
  {
    "number": 204,
    "hex": "#ff5f87",
    "rgb": {
      "r": 255,
      "g": 95,
      "b": 135
    },
    "hsl": {
      "h": 345,
      "s": 100,
      "l": 68
    },
    "name": "IndianRed1"
  },
  {
    "number": 205,
    "hex": "#ff5faf",
    "rgb": {
      "r": 255,
      "g": 95,
      "b": 175
    },
    "hsl": {
      "h": 330,
      "s": 100,
      "l": 68
    },
    "name": "HotPink"
  },
  {
    "number": 206,
    "hex": "#ff5fd7",
    "rgb": {
      "r": 255,
      "g": 95,
      "b": 215
    },
    "hsl": {
      "h": 315,
      "s": 100,
      "l": 68
    },
    "name": "HotPink"
  },
  {
    "number": 207,
    "hex": "#ff5fff",
    "rgb": {
      "r": 255,
      "g": 95,
      "b": 255
    },
    "hsl": {
      "h": 300,
      "s": 100,
      "l": 68
    },
    "name": "MediumOrchid1"
  },
  {
    "number": 208,
    "hex": "#ff8700",
    "rgb": {
      "r": 255,
      "g": 135,
      "b": 0
    },
    "hsl": {
      "h": 31.7647058823529,
      "s": 100,
      "l": 50
    },
    "name": "DarkOrange"
  },
  {
    "number": 209,
    "hex": "#ff875f",
    "rgb": {
      "r": 255,
      "g": 135,
      "b": 95
    },
    "hsl": {
      "h": 15,
      "s": 100,
      "l": 68
    },
    "name": "Salmon1"
  },
  {
    "number": 210,
    "hex": "#ff8787",
    "rgb": {
      "r": 255,
      "g": 135,
      "b": 135
    },
    "hsl": {
      "h": 0,
      "s": 100,
      "l": 76
    },
    "name": "LightCoral"
  },
  {
    "number": 211,
    "hex": "#ff87af",
    "rgb": {
      "r": 255,
      "g": 135,
      "b": 175
    },
    "hsl": {
      "h": 340,
      "s": 100,
      "l": 76
    },
    "name": "PaleVioletRed1"
  },
  {
    "number": 212,
    "hex": "#ff87d7",
    "rgb": {
      "r": 255,
      "g": 135,
      "b": 215
    },
    "hsl": {
      "h": 320,
      "s": 100,
      "l": 76
    },
    "name": "Orchid2"
  },
  {
    "number": 213,
    "hex": "#ff87ff",
    "rgb": {
      "r": 255,
      "g": 135,
      "b": 255
    },
    "hsl": {
      "h": 300,
      "s": 100,
      "l": 76
    },
    "name": "Orchid1"
  },
  {
    "number": 214,
    "hex": "#ffaf00",
    "rgb": {
      "r": 255,
      "g": 175,
      "b": 0
    },
    "hsl": {
      "h": 41.1764705882353,
      "s": 100,
      "l": 50
    },
    "name": "Orange1"
  },
  {
    "number": 215,
    "hex": "#ffaf5f",
    "rgb": {
      "r": 255,
      "g": 175,
      "b": 95
    },
    "hsl": {
      "h": 30,
      "s": 100,
      "l": 68
    },
    "name": "SandyBrown"
  },
  {
    "number": 216,
    "hex": "#ffaf87",
    "rgb": {
      "r": 255,
      "g": 175,
      "b": 135
    },
    "hsl": {
      "h": 20,
      "s": 100,
      "l": 76
    },
    "name": "LightSalmon1"
  },
  {
    "number": 217,
    "hex": "#ffafaf",
    "rgb": {
      "r": 255,
      "g": 175,
      "b": 175
    },
    "hsl": {
      "h": 0,
      "s": 100,
      "l": 84
    },
    "name": "LightPink1"
  },
  {
    "number": 218,
    "hex": "#ffafd7",
    "rgb": {
      "r": 255,
      "g": 175,
      "b": 215
    },
    "hsl": {
      "h": 330,
      "s": 100,
      "l": 84
    },
    "name": "Pink1"
  },
  {
    "number": 219,
    "hex": "#ffafff",
    "rgb": {
      "r": 255,
      "g": 175,
      "b": 255
    },
    "hsl": {
      "h": 300,
      "s": 100,
      "l": 84
    },
    "name": "Plum1"
  },
  {
    "number": 220,
    "hex": "#ffd700",
    "rgb": {
      "r": 255,
      "g": 215,
      "b": 0
    },
    "hsl": {
      "h": 50.5882352941176,
      "s": 100,
      "l": 50
    },
    "name": "Gold1"
  },
  {
    "number": 221,
    "hex": "#ffd75f",
    "rgb": {
      "r": 255,
      "g": 215,
      "b": 95
    },
    "hsl": {
      "h": 45,
      "s": 100,
      "l": 68
    },
    "name": "LightGoldenrod2"
  },
  {
    "number": 222,
    "hex": "#ffd787",
    "rgb": {
      "r": 255,
      "g": 215,
      "b": 135
    },
    "hsl": {
      "h": 40,
      "s": 100,
      "l": 76
    },
    "name": "LightGoldenrod2"
  },
  {
    "number": 223,
    "hex": "#ffd7af",
    "rgb": {
      "r": 255,
      "g": 215,
      "b": 175
    },
    "hsl": {
      "h": 30,
      "s": 100,
      "l": 84
    },
    "name": "NavajoWhite1"
  },
  {
    "number": 224,
    "hex": "#ffd7d7",
    "rgb": {
      "r": 255,
      "g": 215,
      "b": 215
    },
    "hsl": {
      "h": 0,
      "s": 100,
      "l": 92
    },
    "name": "MistyRose1"
  },
  {
    "number": 225,
    "hex": "#ffd7ff",
    "rgb": {
      "r": 255,
      "g": 215,
      "b": 255
    },
    "hsl": {
      "h": 300,
      "s": 100,
      "l": 92
    },
    "name": "Thistle1"
  },
  {
    "number": 226,
    "hex": "#ffff00",
    "rgb": {
      "r": 255,
      "g": 255,
      "b": 0
    },
    "hsl": {
      "h": 60,
      "s": 100,
      "l": 50
    },
    "name": "Yellow1"
  },
  {
    "number": 227,
    "hex": "#ffff5f",
    "rgb": {
      "r": 255,
      "g": 255,
      "b": 95
    },
    "hsl": {
      "h": 60,
      "s": 100,
      "l": 68
    },
    "name": "LightGoldenrod1"
  },
  {
    "number": 228,
    "hex": "#ffff87",
    "rgb": {
      "r": 255,
      "g": 255,
      "b": 135
    },
    "hsl": {
      "h": 60,
      "s": 100,
      "l": 76
    },
    "name": "Khaki1"
  },
  {
    "number": 229,
    "hex": "#ffffaf",
    "rgb": {
      "r": 255,
      "g": 255,
      "b": 175
    },
    "hsl": {
      "h": 60,
      "s": 100,
      "l": 84
    },
    "name": "Wheat1"
  },
  {
    "number": 230,
    "hex": "#ffffd7",
    "rgb": {
      "r": 255,
      "g": 255,
      "b": 215
    },
    "hsl": {
      "h": 60,
      "s": 100,
      "l": 92
    },
    "name": "Cornsilk1"
  },
  {
    "number": 231,
    "hex": "#ffffff",
    "rgb": {
      "r": 255,
      "g": 255,
      "b": 255
    },
    "hsl": {
      "h": 0,
      "s": 0,
      "l": 100
    },
    "name": "Grey100",
    "aliases": [ "Gray100" ]
  },
  {
    "number": 232,
    "hex": "#080808",
    "rgb": {
      "r": 8,
      "g": 8,
      "b": 8
    },
    "hsl": {
      "h": 0,
      "s": 0,
      "l": 3
    },
    "name": "Grey3",
    "aliases": [ "Gray3" ]
  },
  {
    "number": 233,
    "hex": "#121212",
    "rgb": {
      "r": 18,
      "g": 18,
      "b": 18
    },
    "hsl": {
      "h": 0,
      "s": 0,
      "l": 7
    },
    "name": "Grey7",
    "aliases": [ "Gray7" ]
  },
  {
    "number": 234,
    "hex": "#1c1c1c",
    "rgb": {
      "r": 28,
      "g": 28,
      "b": 28
    },
    "hsl": {
      "h": 0,
      "s": 0,
      "l": 10
    },
    "name": "Grey11",
    "aliases": [ "Gray11" ]
  },
  {
    "number": 235,
    "hex": "#262626",
    "rgb": {
      "r": 38,
      "g": 38,
      "b": 38
    },
    "hsl": {
      "h": 0,
      "s": 0,
      "l": 14
    },
    "name": "Grey15",
    "aliases": [ "Gray15" ]
  },
  {
    "number": 236,
    "hex": "#303030",
    "rgb": {
      "r": 48,
      "g": 48,
      "b": 48
    },
    "hsl": {
      "h": 0,
      "s": 0,
      "l": 18
    },
    "name": "Grey19",
    "aliases": [ "Gray19" ]
  },
  {
    "number": 237,
    "hex": "#3a3a3a",
    "rgb": {
      "r": 58,
      "g": 58,
      "b": 58
    },
    "hsl": {
      "h": 0,
      "s": 0,
      "l": 22
    },
    "name": "Grey23",
    "aliases": [ "Gray23" ]
  },
  {
    "number": 238,
    "hex": "#444444",
    "rgb": {
      "r": 68,
      "g": 68,
      "b": 68
    },
    "hsl": {
      "h": 0,
      "s": 0,
      "l": 26
    },
    "name": "Grey27",
    "aliases": [ "Gray27" ]
  },
  {
    "number": 239,
    "hex": "#4e4e4e",
    "rgb": {
      "r": 78,
      "g": 78,
      "b": 78
    },
    "hsl": {
      "h": 0,
      "s": 0,
      "l": 30
    },
    "name": "Grey30",
    "aliases": [ "Gray30" ]
  },
  {
    "number": 240,
    "hex": "#585858",
    "rgb": {
      "r": 88,
      "g": 88,
      "b": 88
    },
    "hsl": {
      "h": 0,
      "s": 0,
      "l": 34
    },
    "name": "Grey35",
    "aliases": [ "Gray35" ]
  },
  {
    "number": 241,
    "hex": "#626262",
    "rgb": {
      "r": 98,
      "g": 98,
      "b": 98
    },
    "hsl": {
      "h": 0,
      "s": 0,
      "l": 37
    },
    "name": "Grey39",
    "aliases": [ "Gray39" ]
  },
  {
    "number": 242,
    "hex": "#6c6c6c",
    "rgb": {
      "r": 108,
      "g": 108,
      "b": 108
    },
    "hsl": {
      "h": 0,
      "s": 0,
      "l": 40
    },
    "name": "Grey42",
    "aliases": [ "Gray42" ]
  },
  {
    "number": 243,
    "hex": "#767676",
    "rgb": {
      "r": 118,
      "g": 118,
      "b": 118
    },
    "hsl": {
      "h": 0,
      "s": 0,
      "l": 46
    },
    "name": "Grey46",
    "aliases": [ "Gray46" ]
  },
  {
    "number": 244,
    "hex": "#808080",
    "rgb": {
      "r": 128,
      "g": 128,
      "b": 128
    },
    "hsl": {
      "h": 0,
      "s": 0,
      "l": 50
    },
    "name": "Grey50",
    "aliases": [ "Gray50" ]
  },
  {
    "number": 245,
    "hex": "#8a8a8a",
    "rgb": {
      "r": 138,
      "g": 138,
      "b": 138
    },
    "hsl": {
      "h": 0,
      "s": 0,
      "l": 54
    },
    "name": "Grey54",
    "aliases": [ "Gray54" ]
  },
  {
    "number": 246,
    "hex": "#949494",
    "rgb": {
      "r": 148,
      "g": 148,
      "b": 148
    },
    "hsl": {
      "h": 0,
      "s": 0,
      "l": 58
    },
    "name": "Grey58",
    "aliases": [ "Gray58" ]
  },
  {
    "number": 247,
    "hex": "#9e9e9e",
    "rgb": {
      "r": 158,
      "g": 158,
      "b": 158
    },
    "hsl": {
      "h": 0,
      "s": 0,
      "l": 61
    },
    "name": "Grey62",
    "aliases": [ "Gray62" ]
  },
  {
    "number": 248,
    "hex": "#a8a8a8",
    "rgb": {
      "r": 168,
      "g": 168,
      "b": 168
    },
    "hsl": {
      "h": 0,
      "s": 0,
      "l": 65
    },
    "name": "Grey66",
    "aliases": [ "Gray66" ]
  },
  {
    "number": 249,
    "hex": "#b2b2b2",
    "rgb": {
      "r": 178,
      "g": 178,
      "b": 178
    },
    "hsl": {
      "h": 0,
      "s": 0,
      "l": 69
    },
    "name": "Grey70",
    "aliases": [ "Gray70" ]
  },
  {
    "number": 250,
    "hex": "#bcbcbc",
    "rgb": {
      "r": 188,
      "g": 188,
      "b": 188
    },
    "hsl": {
      "h": 0,
      "s": 0,
      "l": 73
    },
    "name": "Grey74",
    "aliases": [ "Gray74" ]
  },
  {
    "number": 251,
    "hex": "#c6c6c6",
    "rgb": {
      "r": 198,
      "g": 198,
      "b": 198
    },
    "hsl": {
      "h": 0,
      "s": 0,
      "l": 77
    },
    "name": "Grey78",
    "aliases": [ "Gray78" ]
  },
  {
    "number": 252,
    "hex": "#d0d0d0",
    "rgb": {
      "r": 208,
      "g": 208,
      "b": 208
    },
    "hsl": {
      "h": 0,
      "s": 0,
      "l": 81
    },
    "name": "Grey82",
    "aliases": [ "Gray82" ]
  },
  {
    "number": 253,
    "hex": "#dadada",
    "rgb": {
      "r": 218,
      "g": 218,
      "b": 218
    },
    "hsl": {
      "h": 0,
      "s": 0,
      "l": 85
    },
    "name": "Grey85",
    "aliases": [ "Gray85" ]
  },
  {
    "number": 254,
    "hex": "#e4e4e4",
    "rgb": {
      "r": 228,
      "g": 228,
      "b": 228
    },
    "hsl": {
      "h": 0,
      "s": 0,
      "l": 89
    },
    "name": "Grey89",
    "aliases": [ "Gray89" ]
  },
  {
    "number": 255,
    "hex": "#eeeeee",
    "rgb": {
      "r": 238,
      "g": 238,
      "b": 238
    },
    "hsl": {
      "h": 0,
      "s": 0,
      "l": 93
    },
    "name": "Grey93",
    "aliases": [ "Gray93" ]
  }
]