{
  "dots": {
    "interval": 80,
    "unicode": true,
    "frames": [
      "⠋",
      "⠙",
      "⠹",
      "⠸",
      "⠼",
      "⠴",
      "⠦",
      "⠧",
      "⠇",
      "⠏"
    ]
  },
  "dots2": {
    "interval": 80,
    "unicode": true,
    "frames": [
      "⣾",
      "⣽",
      "⣻",
      "⢿",
      "⡿",
      "⣟",
      "⣯",
      "⣷"
    ]
  },
  "dots3": {
    "interval": 80,
    "unicode": true,
    "frames": [
      "⠋",
      "⠙",
      "⠚",
      "⠞",
      "⠖",
      "⠦",
      "⠴",
      "⠲",
      "⠳",
      "⠓"
    ]
  },
  "dots4": {
    "interval": 80,
    "unicode": true,
    "frames": [
      "⠄",
      "⠆",
      "⠇",
      "⠋",
      "⠙",
      "⠸",
      "⠰",
      "⠠",
      "⠰",
      "⠸",
      "⠙",
      "⠋",
      "⠇",
      "⠆"
    ]
  },
  "dots5": {
    "interval": 80,
    "unicode": true,
    "frames": [
      "⠋",
      "⠙",
      "⠚",
      "⠒",
      "⠂",
      "⠂",
      "⠒",
      "⠲",
      "⠴",
      "⠦",
      "⠖",
      "⠒",
      "⠐",
      "⠐",
      "⠒",
      "⠓",
      "⠋"
    ]
  },
  "dots6": {
    "interval": 80,
    "unicode": true,
    "frames": [
      "⠁",
      "⠉",
      "⠙",
      "⠚",
      "⠒",
      "⠂",
      "⠂",
      "⠒",
      "⠲",
      "⠴",
      "⠤",
      "⠄",
      "⠄",
      "⠤",
      "⠴",
      "⠲",
      "⠒",
      "⠂",
      "⠂",
      "⠒",
      "⠚",
      "⠙",
      "⠉",
      "⠁"
    ]
  },
  "dots7": {
    "interval": 80,
    "unicode": true,
    "frames": [
      "⠈",
      "⠉",
      "⠋",
      "⠓",
      "⠒",
      "⠐",
      "⠐",
      "⠒",
      "⠖",
      "⠦",
      "⠤",
      "⠠",
      "⠠",
      "⠤",
      "⠦",
      "⠖",
      "⠒",
      "⠐",
      "⠐",
      "⠒",
      "⠓",
      "⠋",
      "⠉",
      "⠈"
    ]
  },
  "dots8": {
    "interval": 80,
    "unicode": true,
    "frames": [
      "⠁",
      "⠁",
      "⠉",
      "⠙",
      "⠚",
      "⠒",
      "⠂",
      "⠂",
      "⠒",
      "⠲",
      "⠴",
      "⠤",
      "⠄",
      "⠄",
      "⠤",
      "⠠",
      "⠠",
      "⠤",
      "⠦",
      "⠖",
      "⠒",
      "⠐",
      "⠐",
      "⠒",
      "⠓",
      "⠋",
      "⠉",
      "⠈",
      "⠈"
    ]
  },
  "dots9": {
    "interval": 80,
    "unicode": true,
    "frames": [
      "⢹",
      "⢺",
      "⢼",
      "⣸",
      "⣇",
      "⡧",
      "⡗",
      "⡏"
    ]
  },
  "dots10": {
    "interval": 80,
    "unicode": true,
    "frames": [
      "⢄",
      "⢂",
      "⢁",
      "⡁",
      "⡈",
      "⡐",
      "⡠"
    ]
  },
  "dots11": {
    "interval": 100,
    "unicode": true,
    "frames": [
      "⠁",
      "⠂",
      "⠄",
      "⡀",
      "⢀",
      "⠠",
      "⠐",
      "⠈"
    ]
  },
  "dots12": {
    "interval": 80,
    "unicode": true,
    "frames": [
      "⢀⠀",
      "⡀⠀",
      "⠄⠀",
      "⢂⠀",
      "⡂⠀",
      "⠅⠀",
      "⢃⠀",
      "⡃⠀",
      "⠍⠀",
      "⢋⠀",
      "⡋⠀",
      "⠍⠁",
      "⢋⠁",
      "⡋⠁",
      "⠍⠉",
      "⠋⠉",
      "⠋⠉",
      "⠉⠙",
      "⠉⠙",
      "⠉⠩",
      "⠈⢙",
      "⠈⡙",
      "⢈⠩",
      "⡀⢙",
      "⠄⡙",
      "⢂⠩",
      "⡂⢘",
      "⠅⡘",
      "⢃⠨",
      "⡃⢐",
      "⠍⡐",
      "⢋⠠",
      "⡋⢀",
      "⠍⡁",
      "⢋⠁",
      "⡋⠁",
      "⠍⠉",
      "⠋⠉",
      "⠋⠉",
      "⠉⠙",
      "⠉⠙",
      "⠉⠩",
      "⠈⢙",
      "⠈⡙",
      "⠈⠩",
      "⠀⢙",
      "⠀⡙",
      "⠀⠩",
      "⠀⢘",
      "⠀⡘",
      "⠀⠨",
      "⠀⢐",
      "⠀⡐",
      "⠀⠠",
      "⠀⢀",
      "⠀⡀"
    ]
  },
  "dots8Bit": {
    "interval": 80,
    "unicode": true,
    "frames": [
      "⠀",
      "⠁",
      "⠂",
      "⠃",
      "⠄",
      "⠅",
      "⠆",
      "⠇",
      "⡀",
      "⡁",
      "⡂",
      "⡃",
      "⡄",
      "⡅",
      "⡆",
      "⡇",
      "⠈",
      "⠉",
      "⠊",
      "⠋",
      "⠌",
      "⠍",
      "⠎",
      "⠏",
      "⡈",
      "⡉",
      "⡊",
      "⡋",
      "⡌",
      "⡍",
      "⡎",
      "⡏",
      "⠐",
      "⠑",
      "⠒",
      "⠓",
      "⠔",
      "⠕",
      "⠖",
      "⠗",
      "⡐",
      "⡑",
      "⡒",
      "⡓",
      "⡔",
      "⡕",
      "⡖",
      "⡗",
      "⠘",
      "⠙",
      "⠚",
      "⠛",
      "⠜",
      "⠝",
      "⠞",
      "⠟",
      "⡘",
      "⡙",
      "⡚",
      "⡛",
      "⡜",
      "⡝",
      "⡞",
      "⡟",
      "⠠",
      "⠡",
      "⠢",
      "⠣",
      "⠤",
      "⠥",
      "⠦",
      "⠧",
      "⡠",
      "⡡",
      "⡢",
      "⡣",
      "⡤",
      "⡥",
      "⡦",
      "⡧",
      "⠨",
      "⠩",
      "⠪",
      "⠫",
      "⠬",
      "⠭",
      "⠮",
      "⠯",
      "⡨",
      "⡩",
      "⡪",
      "⡫",
      "⡬",
      "⡭",
      "⡮",
      "⡯",
      "⠰",
      "⠱",
      "⠲",
      "⠳",
      "⠴",
      "⠵",
      "⠶",
      "⠷",
      "⡰",
      "⡱",
      "⡲",
      "⡳",
      "⡴",
      "⡵",
      "⡶",
      "⡷",
      "⠸",
      "⠹",
      "⠺",
      "⠻",
      "⠼",
      "⠽",
      "⠾",
      "⠿",
      "⡸",
      "⡹",
      "⡺",
      "⡻",
      "⡼",
      "⡽",
      "⡾",
      "⡿",
      "⢀",
      "⢁",
      "⢂",
      "⢃",
      "⢄",
      "⢅",
      "⢆",
      "⢇",
      "⣀",
      "⣁",
      "⣂",
      "⣃",
      "⣄",
      "⣅",
      "⣆",
      "⣇",
      "⢈",
      "⢉",
      "⢊",
      "⢋",
      "⢌",
      "⢍",
      "⢎",
      "⢏",
      "⣈",
      "⣉",
      "⣊",
      "⣋",
      "⣌",
      "⣍",
      "⣎",
      "⣏",
      "⢐",
      "⢑",
      "⢒",
      "⢓",
      "⢔",
      "⢕",
      "⢖",
      "⢗",
      "⣐",
      "⣑",
      "⣒",
      "⣓",
      "⣔",
      "⣕",
      "⣖",
      "⣗",
      "⢘",
      "⢙",
      "⢚",
      "⢛",
      "⢜",
      "⢝",
      "⢞",
      "⢟",
      "⣘",
      "⣙",
      "⣚",
      "⣛",
      "⣜",
      "⣝",
      "⣞",
      "⣟",
      "⢠",
      "⢡",
      "⢢",
      "⢣",
      "⢤",
      "⢥",
      "⢦",
      "⢧",
      "⣠",
      "⣡",
      "⣢",
      "⣣",
      "⣤",
      "⣥",
      "⣦",
      "⣧",
      "⢨",
      "⢩",
      "⢪",
      "⢫",
      "⢬",
      "⢭",
      "⢮",
      "⢯",
      "⣨",
      "⣩",
      "⣪",
      "⣫",
      "⣬",
      "⣭",
      "⣮",
      "⣯",
      "⢰",
      "⢱",
      "⢲",
      "⢳",
      "⢴",
      "⢵",
      "⢶",
      "⢷",
      "⣰",
      "⣱",
      "⣲",
      "⣳",
      "⣴",
      "⣵",
      "⣶",
      "⣷",
      "⢸",
      "⢹",
      "⢺",
      "⢻",
      "⢼",
      "⢽",
      "⢾",
      "⢿",
      "⣸",
      "⣹",
      "⣺",
      "⣻",
      "⣼",
      "⣽",
      "⣾",
      "⣿"
    ]
  },
  "line": {
    "interval": 130,
    "unicode": false,
    "frames": [
      "-",
      "\\",
      "|",
      "/"
    ]
  },
  "line2": {
    "interval": 100,
    "unicode": false,
    "frames": [
      "⠂",
      "-",
      "–",
      "—",
      "–",
      "-"
    ]
  },
  "pipe": {
    "interval": 100,
    "unicode": false,
    "frames": [
      "┤",
      "┘",
      "┴",
      "└",
      "├",
      "┌",
      "┬",
      "┐"
    ]
  },
  "simpleDots": {
    "interval": 400,
    "unicode": false,
    "frames": [
      ".  ",
      ".. ",
      "...",
      "   "
    ]
  },
  "simpleDotsScrolling": {
    "interval": 200,
    "unicode": false,
    "frames": [
      ".  ",
      ".. ",
      "...",
      " ..",
      "  .",
      "   "
    ]
  },
  "star": {
    "interval": 70,
    "unicode": true,
    "frames": [
      "✶",
      "✸",
      "✹",
      "✺",
      "✹",
      "✷"
    ]
  },
  "star2": {
    "interval": 80,
    "unicode": false,
    "frames": [
      "+",
      "x",
      "*"
    ]
  },
  "flip": {
    "interval": 70,
    "unicode": false,
    "frames": [
      "_",
      "_",
      "_",
      "-",
      "`",
      "`",
      "'",
      "´",
      "-",
      "_",
      "_",
      "_"
    ]
  },
  "hamburger": {
    "interval": 100,
    "unicode": true,
    "frames": [
      "☱",
      "☲",
      "☴"
    ]
  },
  "growVertical": {
    "interval": 120,
    "unicode": true,
    "frames": [
      "▁",
      "▃",
      "▄",
      "▅",
      "▆",
      "▇",
      "▆",
      "▅",
      "▄",
      "▃"
    ]
  },
  "growHorizontal": {
    "interval": 120,
    "unicode": true,
    "frames": [
      "▏",
      "▎",
      "▍",
      "▌",
      "▋",
      "▊",
      "▉",
      "▊",
      "▋",
      "▌",
      "▍",
      "▎"
    ]
  },
  "balloon": {
    "interval": 140,
    "unicode": false,
    "frames": [
      " ",
      ".",
      "o",
      "O",
      "@",
      "*",
      " "
    ]
  },
  "balloon2": {
    "interval": 120,
    "unicode": false,
    "frames": [
      ".",
      "o",
      "O",
      "°",
      "O",
      "o",
      "."
    ]
  },
  "noise": {
    "interval": 100,
    "unicode": true,
    "frames": [
      "▓",
      "▒",
      "░"
    ]
  },
  "bounce": {
    "interval": 120,
    "unicode": true,
    "frames": [
      "⠁",
      "⠂",
      "⠄",
      "⠂"
    ]
  },
  "boxBounce": {
    "interval": 120,
    "unicode": true,
    "frames": [
      "▖",
      "▘",
      "▝",
      "▗"
    ]
  },
  "boxBounce2": {
    "interval": 100,
    "unicode": true,
    "frames": [
      "▌",
      "▀",
      "▐",
      "▄"
    ]
  },
  "triangle": {
    "interval": 50,
    "unicode": true,
    "frames": [
      "◢",
      "◣",
      "◤",
      "◥"
    ]
  },
  "arc": {
    "interval": 100,
    "unicode": true,
    "frames": [
      "◜",
      "◠",
      "◝",
      "◞",
      "◡",
      "◟"
    ]
  },
  "circle": {
    "interval": 120,
    "unicode": true,
    "frames": [
      "◡",
      "⊙",
      "◠"
    ]
  },
  "squareCorners": {
    "interval": 180,
    "unicode": true,
    "frames": [
      "◰",
      "◳",
      "◲",
      "◱"
    ]
  },
  "circleQuarters": {
    "interval": 120,
    "unicode": true,
    "frames": [
      "◴",
      "◷",
      "◶",
      "◵"
    ]
  },
  "circleHalves": {
    "interval": 50,
    "unicode": true,
    "frames": [
      "◐",
      "◓",
      "◑",
      "◒"
    ]
  },
  "squish": {
    "interval": 100,
    "unicode": true,
    "frames": [
      "╫",
      "╪"
    ]
  },
  "toggle": {
    "interval": 250,
    "unicode": true,
    "frames": [
      "⊶",
      "⊷"
    ]
  },
  "toggle2": {
    "interval": 80,
    "unicode": true,
    "frames": [
      "▫",
      "▪"
    ]
  },
  "toggle3": {
    "interval": 120,
    "unicode": true,
    "frames": [
      "□",
      "■"
    ]
  },
  "toggle4": {
    "interval": 100,
    "unicode": true,
    "frames": [
      "■",
      "□",
      "▪",
      "▫"
    ]
  },
  "toggle5": {
    "interval": 100,
    "unicode": true,
    "frames": [
      "▮",
      "▯"
    ]
  },
  "toggle6": {
    "interval": 300,
    "unicode": true,
    "frames": [
      "ဝ",
      "၀"
    ]
  },
  "toggle7": {
    "interval": 80,
    "unicode": true,
    "frames": [
      "⦾",
      "⦿"
    ]
  },
  "toggle8": {
    "interval": 100,
    "unicode": true,
    "frames": [
      "◍",
      "◌"
    ]
  },
  "toggle9": {
    "interval": 100,
    "unicode": true,
    "frames": [
      "◉",
      "◎"
    ]
  },
  "toggle10": {
    "interval": 100,
    "unicode": true,
    "frames": [
      "㊂",
      "㊀",
      "㊁"
    ]
  },
  "toggle11": {
    "interval": 50,
    "unicode": true,
    "frames": [
      "⧇",
      "⧆"
    ]
  },
  "toggle12": {
    "interval": 120,
    "unicode": true,
    "frames": [
      "☗",
      "☖"
    ]
  },
  "toggle13": {
    "interval": 80,
    "unicode": false,
    "frames": [
      "=",
      "*",
      "-"
    ]
  },
  "arrow": {
    "interval": 100,
    "unicode": true,
    "frames": [
      "←",
      "↖",
      "↑",
      "↗",
      "→",
      "↘",
      "↓",
      "↙"
    ]
  },
  "arrow2": {
    "interval": 80,
    "unicode": true,
    "frames": [
      "⬆️ ",
      "↗️ ",
      "➡️ ",
      "↘️ ",
      "⬇️ ",
      "↙️ ",
      "⬅️ ",
      "↖️ "
    ]
  },
  "arrow3": {
    "interval": 120,
    "unicode": true,
    "frames": [
      "▹▹▹▹▹",
      "▸▹▹▹▹",
      "▹▸▹▹▹",
      "▹▹▸▹▹",
      "▹▹▹▸▹",
      "▹▹▹▹▸"
    ]
  },
  "bouncingBar": {
    "interval": 80,
    "unicode": true,
    "frames": [
      "[    ]",
      "[=   ]",
      "[==  ]",
      "[=== ]",
      "[ ===]",
      "[  ==]",
      "[   =]",
      "[    ]",
      "[   =]",
      "[  ==]",
      "[ ===]",
      "[====]",
      "[=== ]",
      "[==  ]",
      "[=   ]"
    ]
  },
  "bouncingBall": {
    "interval": 80,
    "unicode": true,
    "frames": [
      "( ●    )",
      "(  ●   )",
      "(   ●  )",
      "(    ● )",
      "(     ●)",
      "(    ● )",
      "(   ●  )",
      "(  ●   )",
      "( ●    )",
      "(●     )"
    ]
  },
  "smiley": {
    "interval": 200,
    "unicode": true,
    "frames": [
      "😄 ",
      "😝 "
    ]
  },
  "monkey": {
    "interval": 300,
    "unicode": true,
    "frames": [
      "🙈 ",
      "🙈 ",
      "🙉 ",
      "🙊 "
    ]
  },
  "hearts": {
    "interval": 100,
    "unicode": true,
    "frames": [
      "💛 ",
      "💙 ",
      "💜 ",
      "💚 ",
      "❤️ "
    ]
  },
  "clock": {
    "interval": 100,
    "unicode": true,
    "frames": [
      "🕛 ",
      "🕐 ",
      "🕑 ",
      "🕒 ",
      "🕓 ",
      "🕔 ",
      "🕕 ",
      "🕖 ",
      "🕗 ",
      "🕘 ",
      "🕙 ",
      "🕚 "
    ]
  },
  "earth": {
    "interval": 180,
    "unicode": true,
    "frames": [
      "🌍 ",
      "🌎 ",
      "🌏 "
    ]
  },
  "material": {
    "interval": 17,
    "unicode": true,
    "frames": [
      "█▁▁▁▁▁▁▁▁▁▁▁▁▁▁▁▁▁▁▁",
      "██▁▁▁▁▁▁▁▁▁▁▁▁▁▁▁▁▁▁",
      "███▁▁▁▁▁▁▁▁▁▁▁▁▁▁▁▁▁",
      "████▁▁▁▁▁▁▁▁▁▁▁▁▁▁▁▁",
      "██████▁▁▁▁▁▁▁▁▁▁▁▁▁▁",
      "██████▁▁▁▁▁▁▁▁▁▁▁▁▁▁",
      "███████▁▁▁▁▁▁▁▁▁▁▁▁▁",
      "████████▁▁▁▁▁▁▁▁▁▁▁▁",
      "█████████▁▁▁▁▁▁▁▁▁▁▁",
      "█████████▁▁▁▁▁▁▁▁▁▁▁",
      "██████████▁▁▁▁▁▁▁▁▁▁",
      "███████████▁▁▁▁▁▁▁▁▁",
      "█████████████▁▁▁▁▁▁▁",
      "██████████████▁▁▁▁▁▁",
      "██████████████▁▁▁▁▁▁",
      "▁██████████████▁▁▁▁▁",
      "▁██████████████▁▁▁▁▁",
      "▁██████████████▁▁▁▁▁",
      "▁▁██████████████▁▁▁▁",
      "▁▁▁██████████████▁▁▁",
      "▁▁▁▁█████████████▁▁▁",
      "▁▁▁▁██████████████▁▁",
      "▁▁▁▁██████████████▁▁",
      "▁▁▁▁▁██████████████▁",
      "▁▁▁▁▁██████████████▁",
      "▁▁▁▁▁██████████████▁",
      "▁▁▁▁▁▁██████████████",
      "▁▁▁▁▁▁██████████████",
      "▁▁▁▁▁▁▁█████████████",
      "▁▁▁▁▁▁▁█████████████",
      "▁▁▁▁▁▁▁▁████████████",
      "▁▁▁▁▁▁▁▁████████████",
      "▁▁▁▁▁▁▁▁▁███████████",
      "▁▁▁▁▁▁▁▁▁███████████",
      "▁▁▁▁▁▁▁▁▁▁██████████",
      "▁▁▁▁▁▁▁▁▁▁██████████",
      "▁▁▁▁▁▁▁▁▁▁▁▁████████",
      "▁▁▁▁▁▁▁▁▁▁▁▁▁███████",
      "▁▁▁▁▁▁▁▁▁▁▁▁▁▁██████",
      "▁▁▁▁▁▁▁▁▁▁▁▁▁▁▁█████",
      "▁▁▁▁▁▁▁▁▁▁▁▁▁▁▁█████",
      "█▁▁▁▁▁▁▁▁▁▁▁▁▁▁▁████",
      "██▁▁▁▁▁▁▁▁▁▁▁▁▁▁▁███",
      "██▁▁▁▁▁▁▁▁▁▁▁▁▁▁▁███",
      "███▁▁▁▁▁▁▁▁▁▁▁▁▁▁███",
      "████▁▁▁▁▁▁▁▁▁▁▁▁▁▁██",
      "█████▁▁▁▁▁▁▁▁▁▁▁▁▁▁█",
      "█████▁▁▁▁▁▁▁▁▁▁▁▁▁▁█",
      "██████▁▁▁▁▁▁▁▁▁▁▁▁▁█",
      "████████▁▁▁▁▁▁▁▁▁▁▁▁",
      "█████████▁▁▁▁▁▁▁▁▁▁▁",
      "█████████▁▁▁▁▁▁▁▁▁▁▁",
      "█████████▁▁▁▁▁▁▁▁▁▁▁",
      "█████████▁▁▁▁▁▁▁▁▁▁▁",
      "███████████▁▁▁▁▁▁▁▁▁",
      "████████████▁▁▁▁▁▁▁▁",
      "████████████▁▁▁▁▁▁▁▁",
      "██████████████▁▁▁▁▁▁",
      "██████████████▁▁▁▁▁▁",
      "▁██████████████▁▁▁▁▁",
      "▁██████████████▁▁▁▁▁",
      "▁▁▁█████████████▁▁▁▁",
      "▁▁▁▁▁████████████▁▁▁",
      "▁▁▁▁▁████████████▁▁▁",
      "▁▁▁▁▁▁███████████▁▁▁",
      "▁▁▁▁▁▁▁▁█████████▁▁▁",
      "▁▁▁▁▁▁▁▁█████████▁▁▁",
      "▁▁▁▁▁▁▁▁▁█████████▁▁",
      "▁▁▁▁▁▁▁▁▁█████████▁▁",
      "▁▁▁▁▁▁▁▁▁▁█████████▁",
      "▁▁▁▁▁▁▁▁▁▁▁████████▁",
      "▁▁▁▁▁▁▁▁▁▁▁████████▁",
      "▁▁▁▁▁▁▁▁▁▁▁▁███████▁",
      "▁▁▁▁▁▁▁▁▁▁▁▁███████▁",
      "▁▁▁▁▁▁▁▁▁▁▁▁▁███████",
      "▁▁▁▁▁▁▁▁▁▁▁▁▁███████",
      "▁▁▁▁▁▁▁▁▁▁▁▁▁▁▁█████",
      "▁▁▁▁▁▁▁▁▁▁▁▁▁▁▁▁████",
      "▁▁▁▁▁▁▁▁▁▁▁▁▁▁▁▁████",
      "▁▁▁▁▁▁▁▁▁▁▁▁▁▁▁▁████",
      "▁▁▁▁▁▁▁▁▁▁▁▁▁▁▁▁▁███",
      "▁▁▁▁▁▁▁▁▁▁▁▁▁▁▁▁▁███",
      "▁▁▁▁▁▁▁▁▁▁▁▁▁▁▁▁▁▁██",
      "▁▁▁▁▁▁▁▁▁▁▁▁▁▁▁▁▁▁██",
      "▁▁▁▁▁▁▁▁▁▁▁▁▁▁▁▁▁▁██",
      "▁▁▁▁▁▁▁▁▁▁▁▁▁▁▁▁▁▁▁█",
      "▁▁▁▁▁▁▁▁▁▁▁▁▁▁▁▁▁▁▁█",
      "▁▁▁▁▁▁▁▁▁▁▁▁▁▁▁▁▁▁▁█",
      "▁▁▁▁▁▁▁▁▁▁▁▁▁▁▁▁▁▁▁▁",
      "▁▁▁▁▁▁▁▁▁▁▁▁▁▁▁▁▁▁▁▁",
      "▁▁▁▁▁▁▁▁▁▁▁▁▁▁▁▁▁▁▁▁",
      "▁▁▁▁▁▁▁▁▁▁▁▁▁▁▁▁▁▁▁▁"
    ]
  },
  "moon": {
    "interval": 80,
    "unicode": true,
    "frames": [
      "🌑 ",
      "🌒 ",
      "🌓 ",
      "🌔 ",
      "🌕 ",
      "🌖 ",
      "🌗 ",
      "🌘 "
    ]
  },
  "runner": {
    "interval": 140,
    "unicode": true,
    "frames": [
      "🚶 ",
      "🏃 "
    ]
  },
  "pong": {
    "interval": 80,
    "unicode": true,
    "frames": [
      "▐⠂       ▌",
      "▐⠈       ▌",
      "▐ ⠂      ▌",
      "▐ ⠠      ▌",
      "▐  ⡀     ▌",
      "▐  ⠠     ▌",
      "▐   ⠂    ▌",
      "▐   ⠈    ▌",
      "▐    ⠂   ▌",
      "▐    ⠠   ▌",
      "▐     ⡀  ▌",
      "▐     ⠠  ▌",
      "▐      ⠂ ▌",
      "▐      ⠈ ▌",
      "▐       ⠂▌",
      "▐       ⠠▌",
      "▐       ⡀▌",
      "▐      ⠠ ▌",
      "▐      ⠂ ▌",
      "▐     ⠈  ▌",
      "▐     ⠂  ▌",
      "▐    ⠠   ▌",
      "▐    ⡀   ▌",
      "▐   ⠠    ▌",
      "▐   ⠂    ▌",
      "▐  ⠈     ▌",
      "▐  ⠂     ▌",
      "▐ ⠠      ▌",
      "▐ ⡀      ▌",
      "▐⠠       ▌"
    ]
  },
  "shark": {
    "interval": 120,
    "unicode": true,
    "frames": [
      "▐|\\____________▌",
      "▐_|\\___________▌",
      "▐__|\\__________▌",
      "▐___|\\_________▌",
      "▐____|\\________▌",
      "▐_____|\\_______▌",
      "▐______|\\______▌",
      "▐_______|\\_____▌",
      "▐________|\\____▌",
      "▐_________|\\___▌",
      "▐__________|\\__▌",
      "▐___________|\\_▌",
      "▐____________|\\▌",
      "▐____________/|▌",
      "▐___________/|_▌",
      "▐__________/|__▌",
      "▐_________/|___▌",
      "▐________/|____▌",
      "▐_______/|_____▌",
      "▐______/|______▌",
      "▐_____/|_______▌",
      "▐____/|________▌",
      "▐___/|_________▌",
      "▐__/|__________▌",
      "▐_/|___________▌",
      "▐/|____________▌"
    ]
  },
  "dqpb": {
    "interval": 100,
    "unicode": false,
    "frames": [
      "d",
      "q",
      "p",
      "b"
    ]
  },
  "weather": {
    "interval": 100,
    "unicode": true,
    "frames": [
      "☀️ ",
      "☀️ ",
      "☀️ ",
      "🌤 ",
      "⛅️ ",
      "🌥 ",
      "☁️ ",
      "🌧 ",
      "🌨 ",
      "🌧 ",
      "🌨 ",
      "🌧 ",
      "🌨 ",
      "⛈ ",
      "🌨 ",
      "🌧 ",
      "🌨 ",
      "☁️ ",
      "🌥 ",
      "⛅️ ",
      "🌤 ",
      "☀️ ",
      "☀️ "
    ]
  },
  "christmas": {
    "interval": 400,
    "unicode": true,
    "frames": [
      "🌲",
      "🎄"
    ]
  },
  "grenade": {
    "interval": 80,
    "unicode": true,
    "frames": [
      "،   ",
      "′   ",
      " ´ ",
      " ‾ ",
      "  ⸌",
      "  ⸊",
      "  |",
      "  ⁎",
      "  ⁕",
      " ෴ ",
      "  ⁓",
      "   ",
      "   ",
      "   "
    ]
  },
  "point": {
    "interval": 125,
    "unicode": true,
    "frames": [
      "∙∙∙",
      "●∙∙",
      "∙●∙",
      "∙∙●",
      "∙∙∙"
    ]
  },
  "layer": {
    "interval": 150,
    "unicode": true,
    "frames": [
      "-",
      "=",
      "≡"
    ]
  },
  "betaWave": {
    "interval": 80,
    "unicode": true,
    "frames": [
      "ρββββββ",
      "βρβββββ",
      "ββρββββ",
      "βββρβββ",
      "ββββρββ",
      "βββββρβ",
      "ββββββρ"
    ]
  },
  "aesthetic": {
    "interval": 80,
    "unicode": true,
    "frames": [
      "▰▱▱▱▱▱▱",
      "▰▰▱▱▱▱▱",
      "▰▰▰▱▱▱▱",
      "▰▰▰▰▱▱▱",
      "▰▰▰▰▰▱▱",
      "▰▰▰▰▰▰▱",
      "▰▰▰▰▰▰▰",
      "▰▱▱▱▱▱▱"
    ]
  }
}